ym,otif,on_time,in_full,lines
202401,0.6979166666666666,0.8159722222222222,0.9583333333333334,288
202402,0.7793594306049823,0.8576512455516014,0.9537366548042705,281
202403,0.7423728813559322,0.8915254237288136,0.9457627118644067,295
202404,0.7423076923076923,0.8576923076923076,0.9461538461538461,260
202405,0.664,0.828,0.908,250
202406,0.6867924528301886,0.8452830188679246,0.9207547169811321,265
202407,0.7019607843137254,0.8431372549019608,0.9019607843137255,255
202408,0.7052631578947368,0.8175438596491228,0.9368421052631579,285
202409,0.7224489795918367,0.8122448979591836,0.9346938775510204,245
202410,0.7051792828685259,0.8446215139442231,0.9442231075697212,251
202411,0.7426470588235294,0.8860294117647058,0.9191176470588235,272
202412,0.7310344827586207,0.8655172413793103,0.9448275862068966,290
202501,0.7321428571428571,0.8678571428571429,0.9392857142857143,280
202502,0.683206106870229,0.8473282442748091,0.9045801526717557,262
202503,0.7279151943462897,0.833922261484099,0.950530035335689,283
202504,0.7611336032388664,0.8825910931174089,0.9311740890688259,247
202505,0.6945337620578779,0.8520900321543409,0.9228295819935691,311
202506,0.7137404580152672,0.8473282442748091,0.9312977099236641,262
202507,0.7276264591439688,0.8638132295719845,0.9260700389105059,257
202508,0.7037037037037037,0.8851851851851852,0.9185185185185185,270
202509,0.7279151943462897,0.833922261484099,0.9328621908127208,283
202510,0.7294520547945206,0.8424657534246576,0.9212328767123288,292
