year,country,state,city,revenue
2025,India,Telangana,Hyderabad,166291134.0
2023,India,Karnataka,Mysuru,21799699.0
2024,India,Delhi,New Delhi,40497503.5
2023,India,Karnataka,Bengaluru,20893002.5
2025,United Arab Emirates,Dubai,Dubai,159261143.0
2023,India,Telangana,Hyderabad,61650256.0
2025,India,Haryana,Faridabad,191814954.0
2025,India,Tamil Nadu,Chennai,185735404.0
2023,India,Uttar Pradesh,Lucknow,19527933.5
2025,Singapore,Singapore,Singapore,49889941.5
2023,United Arab Emirates,Abu Dhabi,Abu Dhabi,25474775.0
2024,United Arab Emirates,Abu Dhabi,Abu Dhabi,61104193.5
2024,India,Maharashtra,Mumbai,60906240.5
2023,India,Delhi,New Delhi,15790236.0
2024,India,Uttar Pradesh,Lucknow,40884433.0
2023,India,Uttar Pradesh,Noida,13130313.5
2025,India,Haryana,Gurugram,63450095.5
2024,India,Uttar Pradesh,Noida,41986107.5
2025,India,Maharashtra,Mumbai,79457682.5
2023,India,Maharashtra,Pune,43789700.0
2023,Singapore,Singapore,Singapore,11153279.5
2025,India,Maharashtra,Pune,167397724.5
2024,India,Karnataka,Mysuru,57508190.5
2025,India,Karnataka,Mysuru,70817027.5
2025,India,Delhi,New Delhi,55624747.0
2024,India,Karnataka,Bengaluru,53689621.5
2024,India,West Bengal,Kolkata,131654099.5
2024,India,Maharashtra,Pune,102092384.0
2025,India,Uttar Pradesh,Noida,48091798.5
2024,India,Telangana,Hyderabad,119163439.5
2024,United Arab Emirates,Dubai,Dubai,121589790.0
2025,India,Karnataka,Bengaluru,54433125.5
2025,India,Uttar Pradesh,Lucknow,61046893.5
2023,India,Haryana,Faridabad,53271627.0
2024,India,Haryana,Faridabad,146617315.5
2023,India,Tamil Nadu,Chennai,52740537.0
2024,India,Tamil Nadu,Chennai,139197722.5
2023,United Arab Emirates,Dubai,Dubai,51435941.5
2025,India,West Bengal,Kolkata,164264018.0
2023,India,West Bengal,Kolkata,57742787.5
2025,United Arab Emirates,Abu Dhabi,Abu Dhabi,67249800.0
2023,India,Maharashtra,Mumbai,20987809.0
2023,India,Haryana,Gurugram,20673340.5
2024,India,Haryana,Gurugram,55773735.0
2024,Singapore,Singapore,Singapore,26991650.5
