year,channel,segment,revenue
2025,Store,Corporate,205716493.5
2023,Store,Consumer,160387261.0
2024,Online,Consumer,366525979.0
2024,Store,Consumer,389669649.5
2023,Online,Consumer,155569403.0
2025,Online,Corporate,243008362.0
2023,Store,Small Business,23693101.5
2023,Online,Small Business,26765707.0
2024,Store,Small Business,62830686.5
2024,Online,Small Business,67311006.5
2025,Store,Small Business,88035798.5
2025,Store,Consumer,485643516.0
2025,Online,Consumer,473561257.5
2024,Online,Corporate,173888539.5
2024,Store,Corporate,139430565.5
2025,Online,Small Business,88860061.5
2023,Store,Corporate,55466558.0
2023,Online,Corporate,68179207.0
