year,month,revenue,cost_amt,orders,customers
2023,1,3748716.0,2669333.17,82,62
2023,2,10176992.5,7061772.73,231,148
2023,3,15705099.5,11065392.96,369,211
2023,4,19304081.0,13725232.5,456,259
2023,5,27540813.0,19488397.0,654,354
2023,6,34752091.0,24056594.95,742,421
2023,7,42143546.0,29186416.09,930,490
2023,8,43621742.0,30446209.72,974,537
2023,9,47552508.0,33464992.42,1165,617
2023,10,85508735.0,59772476.65,1277,673
2023,11,90202362.5,63108151.15,1362,719
2023,12,69804551.0,48628762.31,1520,784
2024,1,71781596.0,49870283.23,1568,819
2024,2,73282681.0,50998278.48,1599,827
2024,3,80845589.5,56607263.22,1816,906
2024,4,82549333.0,57359833.0,1775,915
2024,5,90017631.0,62806919.45,1926,995
2024,6,84883914.5,59180225.78,1956,1017
2024,7,95061824.0,66115695.56,2104,1068
2024,8,97348173.5,67897203.77,2219,1103
2024,9,94710344.5,65625255.43,2165,1121
2024,10,161999238.5,112018426.47,2356,1164
2024,11,154152043.5,107725771.9,2323,1177
2024,12,113024057.5,78342715.22,2559,1245
2025,1,111621224.0,78004306.85,2574,1285
2025,2,102341704.5,70923185.96,2420,1243
2025,3,118536162.5,82696864.28,2686,1377
2025,4,114129825.0,79510878.88,2634,1356
2025,5,128009731.5,88878519.44,2835,1372
2025,6,120035500.0,83751855.62,2643,1364
2025,7,128834315.0,89007722.85,2874,1418
2025,8,122281836.0,85028943.41,2899,1430
2025,9,125884440.5,87577468.9,2849,1450
2025,10,198194012.0,137960896.03,3006,1499
2025,11,194117281.5,134232728.89,2818,1395
2025,12,120839456.5,83520058.49,2713,1343
