year,category,subcategory,revenue,cost_amt,units,return_rate
2025,Electronics,Audio,60447236.5,43027805.75,9920.0,0.019642506383814574
2025,Fashion,Women,31121382.0,22482051.16,9819.0,0.020251671254423908
2025,Grocery,Beverages,3965794.0,2798366.69,10258.0,0.01950183433095192
2023,Home & Kitchen,Decor,9498292.0,6483639.12,3126.0,0.02012578616352201
2024,Grocery,Snacks,1903358.5,1328324.29,7430.0,0.018759770713913496
2024,Sports,Fitness,62734486.5,47828268.73,7539.0,0.023883696780893044
2024,Fashion,Men,22195030.5,16064918.7,7255.0,0.022818791946308724
2025,Grocery,Staples,6913963.0,5173827.67,10359.0,0.018633540372670808
2023,Fashion,Women,9656329.0,7025592.02,3072.0,0.021532615579480684
2024,Fashion,Footwear,32842029.0,24433082.03,7377.0,0.022310756972111555
2025,Electronics,Laptops,699853555.0,468231387.06,9966.0,0.019730416096893924
2025,Sports,Outdoor,59315496.5,44636215.62,10114.0,0.02169701666020922
2024,Electronics,Mobiles,243878542.0,175685586.22,7454.0,0.02060511215440793
2023,Home & Kitchen,Appliances,52503732.5,35694427.47,3003.0,0.01881894873458793
2023,Grocery,Snacks,781747.5,549073.1,3071.0,0.0129366106080207
2023,Sports,Fitness,27547709.5,21097558.77,3227.0,0.020121951219512196
2023,Electronics,Mobiles,99834748.5,72461993.33,3064.0,0.01924310455420141
2023,Home & Kitchen,Cookware,9203979.5,6263591.2,3127.0,0.02006269592476489
2025,Fashion,Men,29955864.0,21616709.3,9833.0,0.02082920055544535
2025,Home & Kitchen,Appliances,176745747.5,119323083.12,9851.0,0.021520236920039487
2025,Fashion,Footwear,44348840.0,32901058.64,10035.0,0.019008426415833824
2025,Electronics,Mobiles,323412788.5,232987154.87,10105.0,0.02097494659157118
2024,Electronics,Audio,45667487.5,32568775.15,7601.0,0.017142857142857144
2024,Grocery,Staples,5028311.5,3757391.83,7479.0,0.020789473684210528
2024,Home & Kitchen,Appliances,137232124.0,93240801.05,7617.0,0.01832258064516129
2024,Electronics,Laptops,532482830.5,356881355.41,7590.0,0.022474812709894085
2024,Home & Kitchen,Cookware,23330266.0,15814377.36,7690.0,0.016494845360824743
2024,Grocery,Beverages,2774697.0,1969069.04,7471.0,0.02160168598524763
2024,Sports,Outdoor,42299484.5,31824190.21,7241.0,0.021024258760107817
2025,Grocery,Snacks,2616805.0,1824197.39,10213.0,0.019380581417442522
2025,Home & Kitchen,Cookware,29991482.0,20307348.57,9943.0,0.02120141342756184
2025,Sports,Fitness,86215916.5,65551050.79,10190.0,0.019619157530294286
2025,Home & Kitchen,Decor,29920618.5,20233172.97,9873.0,0.016004742145820983
2023,Sports,Outdoor,18039213.5,13615510.43,3067.0,0.016872160934458143
2024,Home & Kitchen,Decor,23632277.5,16024285.16,7677.0,0.019523326572008115
2024,Fashion,Women,23655501.5,17127446.33,7528.0,0.021676677983807784
2023,Electronics,Audio,19420293.5,13817559.5,3241.0,0.014687882496940025
2023,Electronics,Laptops,217434242.0,146368989.46,3132.0,0.015189873417721518
2023,Fashion,Footwear,13124121.5,9805558.0,3023.0,0.02204928664072633
2023,Grocery,Staples,2190588.5,1650479.66,3203.0,0.02089735709895513
2023,Fashion,Men,9605675.5,6967810.25,3233.0,0.014696876913655848
2023,Grocery,Beverages,1220564.5,871949.34,3312.0,0.01693889897156685
