supplier_code,supplier_name,country,lines,otif,on_time,in_full,lead_days,order_value
SUP-012,Supplier L Pvt Ltd,India,227,0.5330396475770925,0.748898678414097,0.8986784140969163,15.13215859030837,90184910.52
SUP-022,Supplier V Pvt Ltd,India,249,0.6345381526104418,0.7951807228915663,0.9156626506024096,6.220883534136546,115786862.72
SUP-010,Supplier J Pvt Ltd,India,237,0.6244725738396625,0.7932489451476793,0.9071729957805907,10.19831223628692,106294332.71
SUP-013,Supplier M Pvt Ltd,India,251,0.6772908366533864,0.8087649402390438,0.9243027888446215,21.03187250996016,115806855.35
SUP-015,Supplier O Pvt Ltd,China,240,0.8583333333333333,0.9416666666666667,0.975,8.516666666666667,99855796.43
SUP-009,Supplier I Pvt Ltd,India,238,0.7352941176470589,0.8949579831932774,0.9201680672268907,11.117647058823529,113191006.98
SUP-014,Supplier N Pvt Ltd,India,245,0.7755102040816326,0.8938775510204081,0.9551020408163265,11.146938775510204,112925774.13
SUP-018,Supplier R Pvt Ltd,India,242,0.7520661157024794,0.8801652892561983,0.9380165289256198,14.256198347107437,127371970.4
SUP-024,Supplier X Pvt Ltd,India,226,0.7654867256637168,0.8716814159292036,0.9424778761061947,28.327433628318584,96855042.37
SUP-011,Supplier K Pvt Ltd,China,211,0.909952606635071,0.9478672985781991,0.995260663507109,8.516587677725118,91327694.37
SUP-004,Supplier D Pvt Ltd,India,258,0.937984496124031,0.9651162790697675,0.9844961240310077,22.356589147286822,115113773.54
SUP-019,Supplier S Pvt Ltd,India,217,0.6728110599078341,0.8387096774193549,0.9447004608294931,30.93548387096774,116768896.52
SUP-002,Supplier B Pvt Ltd,China,257,0.933852140077821,0.9727626459143969,0.9922178988326849,15.330739299610896,116314063.04
SUP-021,Supplier U Pvt Ltd,Germany,232,0.3017241379310345,0.5948275862068966,0.8275862068965517,33.13793103448276,106257774.26
SUP-007,Supplier G Pvt Ltd,India,249,0.7751004016064257,0.8835341365461847,0.963855421686747,30.152610441767067,119615820.53
SUP-017,Supplier Q Pvt Ltd,Germany,240,0.2875,0.5791666666666667,0.8041666666666667,36.05416666666667,118553618.94
SUP-023,Supplier W Pvt Ltd,China,254,0.8267716535433071,0.9409448818897638,0.9488188976377953,16.771653543307085,110109189.74
SUP-016,Supplier P Pvt Ltd,Germany,229,0.74235807860262,0.8995633187772926,0.9213973799126638,4.93886462882096,97599226.64
SUP-025,Supplier Y Pvt Ltd,China,260,0.4115384615384615,0.6615384615384615,0.8269230769230769,30.753846153846155,106822631.04
SUP-006,Supplier F Pvt Ltd,India,239,0.9163179916317992,0.9539748953974896,0.9665271966527197,21.539748953974897,105896962.82
SUP-005,Supplier E Pvt Ltd,Germany,225,0.72,0.8488888888888889,0.9333333333333333,26.61777777777778,90419365.93
SUP-008,Supplier H Pvt Ltd,India,249,0.8714859437751004,0.9477911646586346,0.9518072289156626,8.449799196787149,117758206.88
SUP-020,Supplier T Pvt Ltd,Germany,238,0.8277310924369747,0.9159663865546218,0.9747899159663865,23.08823529411765,107153096.46
SUP-001,Supplier A Pvt Ltd,China,236,0.7627118644067796,0.864406779661017,0.9533898305084746,6.25,85902515.08
SUP-003,Supplier C Pvt Ltd,China,235,0.7148936170212766,0.825531914893617,0.9319148936170213,11.71063829787234,85064979.82
